Status,Source Unit,Destination Unit,Source Clock Domain,Destination Clock Domain,Local Source Clock,Local Destination Clock,Pair Classification,Violation,Scheme,Id,Domain Crossing,Number of Pair Bits
Passed,clk2,u_FIFO_syn.rdata,clk2,clk3,clk2,clk3,Data,,u_FIFO_syn.rdata,1,{clk2 clk3},32
Passed,u_FIFO_syn.wptr_full_m0.wptr[5],u_FIFO_syn.sync_w2r_m0.genblk1[5].u_NDFF_syn.A1,clk2,clk3,clk2,clk3,Control,,u_FIFO_syn.rdata,2,{clk2 clk3},1
Passed,u_Handshake_syn.sreq,u_Handshake_syn.U_NDFF_req.A1,clk1,clk2,clk1,clk2,Control,,u_Handshake_syn.din,3,{clk1 clk2},1
Passed,u_FIFO_syn.wptr_full_m0.wptr[6],u_FIFO_syn.sync_w2r_m0.genblk1[6].u_NDFF_syn.A1,clk2,clk3,clk2,clk3,Control,,u_FIFO_syn.rdata,4,{clk2 clk3},1
Passed,u_FIFO_syn.wptr_full_m0.wptr[4],u_FIFO_syn.sync_w2r_m0.genblk1[4].u_NDFF_syn.A1,clk2,clk3,clk2,clk3,Control,,u_FIFO_syn.rdata,5,{clk2 clk3},1
Passed,u_Handshake_syn.dack,u_Handshake_syn.U_NDFF_ack.A1,clk2,clk1,clk2,clk1,Control,,u_Handshake_syn.din,6,{clk2 clk1},1
Passed,u_input.seed_reg,u_Handshake_syn.dout,clk1,clk2,clk1,clk2,Data,,u_Handshake_syn.din,7,{clk1 clk2},32
Passed,u_FIFO_syn.wptr_full_m0.wptr[3],u_FIFO_syn.sync_w2r_m0.genblk1[3].u_NDFF_syn.A1,clk2,clk3,clk2,clk3,Control,,u_FIFO_syn.rdata,8,{clk2 clk3},1
Passed,u_FIFO_syn.wptr_full_m0.wptr[2],u_FIFO_syn.sync_w2r_m0.genblk1[2].u_NDFF_syn.A1,clk2,clk3,clk2,clk3,Control,,u_FIFO_syn.rdata,9,{clk2 clk3},1
Passed,u_FIFO_syn.wptr_full_m0.wptr[0],u_FIFO_syn.sync_w2r_m0.genblk1[0].u_NDFF_syn.A1,clk2,clk3,clk2,clk3,Control,,u_FIFO_syn.rdata,10,{clk2 clk3},1
Passed,u_FIFO_syn.rptr_empty_m0.rptr[4],u_FIFO_syn.sync_r2w_m0.genblk1[4].u_NDFF_syn.A1,clk3,clk2,clk3,clk2,Control,,u_FIFO_syn.rdata,11,{clk3 clk2},1
Passed,u_FIFO_syn.rptr_empty_m0.rptr[3],u_FIFO_syn.sync_r2w_m0.genblk1[3].u_NDFF_syn.A1,clk3,clk2,clk3,clk2,Control,,u_FIFO_syn.rdata,12,{clk3 clk2},1
Passed,u_FIFO_syn.rptr_empty_m0.rptr[1],u_FIFO_syn.sync_r2w_m0.genblk1[1].u_NDFF_syn.A1,clk3,clk2,clk3,clk2,Control,,u_FIFO_syn.rdata,13,{clk3 clk2},1
Passed,u_FIFO_syn.rptr_empty_m0.rptr[0],u_FIFO_syn.sync_r2w_m0.genblk1[0].u_NDFF_syn.A1,clk3,clk2,clk3,clk2,Control,,u_FIFO_syn.rdata,14,{clk3 clk2},1
Passed,u_FIFO_syn.rptr_empty_m0.rptr[2],u_FIFO_syn.sync_r2w_m0.genblk1[2].u_NDFF_syn.A1,clk3,clk2,clk3,clk2,Control,,u_FIFO_syn.rdata,15,{clk3 clk2},1
Passed,u_FIFO_syn.wptr_full_m0.wptr[1],u_FIFO_syn.sync_w2r_m0.genblk1[1].u_NDFF_syn.A1,clk2,clk3,clk2,clk3,Control,,u_FIFO_syn.rdata,16,{clk2 clk3},1
Passed,u_FIFO_syn.rptr_empty_m0.rptr[5],u_FIFO_syn.sync_r2w_m0.genblk1[5].u_NDFF_syn.A1,clk3,clk2,clk3,clk2,Control,,u_FIFO_syn.rdata,17,{clk3 clk2},1
Passed,u_FIFO_syn.wptr_full_m0.wbin[5:0],u_FIFO_syn.rdata,clk2,clk3,clk2,clk3,Data,,u_FIFO_syn.rdata,18,{clk2 clk3},192
Passed,u_PRGN.seed_nxt_reg,u_FIFO_syn.rdata,clk2,clk3,clk2,clk3,Data,,u_FIFO_syn.rdata,19,{clk2 clk3},32
Passed,u_PRGN.out_flag,u_FIFO_syn.rdata,clk2,clk3,clk2,clk3,Data,,u_FIFO_syn.rdata,20,{clk2 clk3},32
Passed,u_FIFO_syn.rptr_empty_m0.rptr[6],u_FIFO_syn.sync_r2w_m0.genblk1[6].u_NDFF_syn.A1,clk3,clk2,clk3,clk2,Control,,u_FIFO_syn.rdata,21,{clk3 clk2},1
Passed,u_FIFO_syn.wptr_full_m0.wfull,u_FIFO_syn.rdata,clk2,clk3,clk2,clk3,Data,,u_FIFO_syn.rdata,22,{clk2 clk3},32
